<application>
  <component name="Registry">
    <entry key="scala.erase.compiler.process.jdk.once" value="false" />
  </component>
  <component name="StatusBar">
    <option name="widgets">
      <map>
        <entry key="Encoding" value="false" />
        <entry key="IdeaVim-Icon" value="false" />
        <entry key="Notifications" value="false" />
        <entry key="ReadOnlyAttribute" value="false" />
        <entry key="TypeAwareHighlighting" value="false" />
      </map>
    </option>
  </component>
</application>